"","Mean","Median","Mode","ESS","HDImass","HDIlow","HDIhigh","CompVal","PcntGtCompVal","ROPElow","ROPEhigh","PcntLtROPE","PcntInROPE","PcntGtROPE"
"boroughMu[1] Allerton",-0.170600379411665,-0.1685735,-0.17112936146963,2030.7,0.95,-0.554655,0.213822,NA,NA,NA,NA,NA,NA,NA
"boroughMu[2] Arrochar",0.0261698217829366,0.0257469,0.0249491647971261,1957.9,0.95,-0.34697,0.410302,NA,NA,NA,NA,NA,NA,NA
"boroughMu[3] Arverne",0.409655447905961,0.406441,0.399184811944474,1987.7,0.95,0.0403153,0.799605,NA,NA,NA,NA,NA,NA,NA
"boroughMu[4] Astoria",-0.0901483227997701,-0.08960305,-0.0849567610162856,1939.6,0.95,-0.464676,0.293747,NA,NA,NA,NA,NA,NA,NA
"boroughMu[5] Bath Beach",-0.181620745155327,-0.178069,-0.171755571996109,2153.1,0.95,-0.574898,0.210241,NA,NA,NA,NA,NA,NA,NA
"b0",4.16250885860913,4.16251,4.16283272602317,508900.9,0.95,4.1253,4.19909,NA,NA,NA,NA,NA,NA,NA
"b[1] Allerton",-0.228988744951905,-0.229643,-0.231605873162571,996846.6,0.95,-0.454265,-0.00245674,NA,NA,NA,NA,NA,NA,NA
"b[2] Arrochar",-0.305715282658883,-0.307019,-0.315034765043872,985732.4,0.95,-0.691412,0.0896831,NA,NA,NA,NA,NA,NA,NA
"b[3] Arverne",0.17316818262811,0.173874,0.175909751134641,993170.5,0.95,-0.00636303,0.350972,NA,NA,NA,NA,NA,NA,NA
"b[4] Astoria",-0.0478765615409588,-0.04783915,-0.0489604650828173,830398.5,0.95,-0.122747,0.0265506,NA,NA,NA,NA,NA,NA,NA
"b[5] Bath Beach",0.0357584712637196,0.0358323,0.0368994621777803,1000008,0.95,-0.250297,0.324759,NA,NA,NA,NA,NA,NA,NA
"b[6] Battery Park City",0.605751828426373,0.606019,0.610464067151378,996953.3,0.95,0.420808,0.791791,NA,NA,NA,NA,NA,NA,NA
"b[7] Bay Ridge",-0.0631156552348959,-0.06377475,-0.0633519987756993,989348.8,0.95,-0.233408,0.111274,NA,NA,NA,NA,NA,NA,NA
"b[8] Bay Terrace",-0.198961973024545,-0.200968,-0.205389406166186,1000008,0.95,-0.559977,0.168779,NA,NA,NA,NA,NA,NA,NA
"b[9] Bay Terrace, Staten Island",-0.232854961066633,-0.2348065,-0.238386215103492,974443,0.95,-0.645699,0.185688,NA,NA,NA,NA,NA,NA,NA
"b[10] Baychester",-0.152006963658878,-0.151796,-0.15925273692239,995297.5,0.95,-0.505,0.207467,NA,NA,NA,NA,NA,NA,NA
"b[11] Bayside",0.105483865078132,0.107834,0.10812432883372,1000008,0.95,-0.167824,0.373089,NA,NA,NA,NA,NA,NA,NA
"b[12] Bayswater",-0.0867815597369353,-0.0872812,-0.0960617878563241,997129,0.95,-0.54479,0.370562,NA,NA,NA,NA,NA,NA,NA
"b[13] Bedford-Stuyvesant",-0.099332786124166,-0.09929405,-0.0982638534830604,648544.3,0.95,-0.147029,-0.0522892,NA,NA,NA,NA,NA,NA,NA
"b[14] Bellerose",-0.0547424828440384,-0.0536037,-0.0451885885982075,1000008,0.95,-0.459094,0.348935,NA,NA,NA,NA,NA,NA,NA
"b[15] Bensonhurst",-0.235043312963029,-0.235193,-0.242797549075967,991908.6,0.95,-0.410846,-0.0604356,NA,NA,NA,NA,NA,NA,NA
"b[16] Bergen Beach",0.0370354722929368,0.03726065,0.0317715008042754,1000008,0.95,-0.311139,0.39219,NA,NA,NA,NA,NA,NA,NA
"b[17] Boerum Hill",0.275102968725256,0.275257,0.276425258967079,1000008,0.95,0.15969,0.390561,NA,NA,NA,NA,NA,NA,NA
"b[18] Borough Park",-0.105813793755625,-0.105865,-0.0924412866348824,997016.5,0.95,-0.386004,0.172308,NA,NA,NA,NA,NA,NA,NA
"b[19] Briarwood",-0.199471149168582,-0.201255,-0.206587622758636,1000008,0.95,-0.483221,0.0864733,NA,NA,NA,NA,NA,NA,NA
"b[20] Brighton Beach",0.157791438431999,0.158169,0.161522459745413,1000008,0.95,-0.075377,0.387215,NA,NA,NA,NA,NA,NA,NA
"b[21] Bronxdale",-0.290247548202576,-0.2910695,-0.300182898074665,1000008,0.95,-0.629686,0.0528177,NA,NA,NA,NA,NA,NA,NA
"b[22] Brooklyn Heights",0.473704312769498,0.474197,0.477028121127527,992795.6,0.95,0.356266,0.588737,NA,NA,NA,NA,NA,NA,NA
"b[23] Brownsville",-0.123926221164463,-0.1241915,-0.119710396688015,995659.4,0.95,-0.369561,0.120433,NA,NA,NA,NA,NA,NA,NA
"b[24] Bushwick",-0.28519003244774,-0.28515,-0.28340847281275,750641.4,0.95,-0.345527,-0.22536,NA,NA,NA,NA,NA,NA,NA
"b[25] Cambria Heights",-0.133473849855773,-0.134719,-0.135496556105574,996895.9,0.95,-0.536015,0.27521,NA,NA,NA,NA,NA,NA,NA
"b[26] Canarsie",-0.183129488437063,-0.183262,-0.182097572195354,1000008,0.95,-0.337354,-0.0246664,NA,NA,NA,NA,NA,NA,NA
"b[27] Carroll Gardens",0.274293111696806,0.274382,0.272482632758966,970859.4,0.95,0.183299,0.366511,NA,NA,NA,NA,NA,NA,NA
"b[28] Castleton Corners",-0.150287608442771,-0.1495985,-0.160553361019024,959400.4,0.95,-0.564189,0.264257,NA,NA,NA,NA,NA,NA,NA
"b[29] Chelsea",0.737370318856449,0.73741,0.736644173048083,898595.1,0.95,0.665114,0.808623,NA,NA,NA,NA,NA,NA,NA
"b[30] Chinatown",0.319976206066551,0.319825,0.322917349401499,959547.1,0.95,0.213514,0.426203,NA,NA,NA,NA,NA,NA,NA
"b[31] City Island",-0.07738657638526,-0.07549515,-0.0781967523341516,995286.2,0.95,-0.445198,0.283675,NA,NA,NA,NA,NA,NA,NA
"b[32] Civic Center",0.336486707066579,0.33633,0.34368857451447,1000008,0.95,0.096386,0.578032,NA,NA,NA,NA,NA,NA,NA
"b[33] Claremont Village",-0.337691986578217,-0.340232,-0.352600173034913,996139.2,0.95,-0.715589,0.0518723,NA,NA,NA,NA,NA,NA,NA
"b[34] Clason Point",-0.152198946504808,-0.151716,-0.15266105962996,1000008,0.95,-0.493968,0.185189,NA,NA,NA,NA,NA,NA,NA
"b[35] Clifton",-0.410494743076125,-0.414061,-0.425112541249053,992332.9,0.95,-0.707367,-0.107477,NA,NA,NA,NA,NA,NA,NA
"b[36] Clinton Hill",0.244865514682983,0.244982,0.24523742326438,830868.9,0.95,0.16946,0.319267,NA,NA,NA,NA,NA,NA,NA
"b[37] Cobble Hill",0.438496546979864,0.439785,0.438012737447067,995370.9,0.95,0.294027,0.580983,NA,NA,NA,NA,NA,NA,NA
"b[38] College Point",-0.00841261774324785,-0.008143425,-0.014120949063793,996007.4,0.95,-0.360971,0.341247,NA,NA,NA,NA,NA,NA,NA
"b[39] Columbia St",0.123236124929261,0.124275,0.126643997293652,1000008,0.95,-0.0877474,0.333678,NA,NA,NA,NA,NA,NA,NA
"b[40] Concord",-0.0706884881495373,-0.0671556,-0.0556965697633203,974638.4,0.95,-0.503607,0.352564,NA,NA,NA,NA,NA,NA,NA
"b[41] Concourse",-0.222659612487872,-0.222547,-0.225278809947753,1000008,0.95,-0.448698,0.000715746,NA,NA,NA,NA,NA,NA,NA
"b[42] Concourse Village",-0.240515783218636,-0.239372,-0.252539761477206,1000008,0.95,-0.647722,0.159154,NA,NA,NA,NA,NA,NA,NA
"b[43] Coney Island",0.0872880356107715,0.08815745,0.0883259502809767,1000000.2,0.95,-0.19689,0.370314,NA,NA,NA,NA,NA,NA,NA
"b[44] Corona",-0.00779519522067778,-0.0066004,-0.00749741577779817,1000008,0.95,-0.331208,0.311615,NA,NA,NA,NA,NA,NA,NA
"b[45] Crown Heights",-0.0631287679533757,-0.0631253,-0.0635571257889269,744295,0.95,-0.119506,-0.00735078,NA,NA,NA,NA,NA,NA,NA
"b[46] Cypress Hills",-0.262981303016618,-0.264803,-0.269432829727798,997980.5,0.95,-0.476256,-0.0436306,NA,NA,NA,NA,NA,NA,NA
"b[47] Ditmars Steinway",-0.0371460822550745,-0.03683115,-0.0384981001892784,992571,0.95,-0.163747,0.0910438,NA,NA,NA,NA,NA,NA,NA
"b[48] Douglaston",0.0083582004972805,0.0108652,0.00298977422879809,1000008,0.95,-0.41,0.41935,NA,NA,NA,NA,NA,NA,NA
"b[49] Downtown Brooklyn",0.335079608598587,0.337509,0.340265163925797,995810.5,0.95,0.127306,0.539009,NA,NA,NA,NA,NA,NA,NA
"b[50] DUMBO",0.141498651871027,0.141863,0.144784079877052,1000008,0.95,-0.065492,0.343225,NA,NA,NA,NA,NA,NA,NA
"b[51] Dyker Heights",-0.0237816992281683,-0.02463105,-0.0338494503897464,1000008,0.95,-0.392935,0.343558,NA,NA,NA,NA,NA,NA,NA
"b[52] East Elmhurst",-0.126586923856993,-0.127204,-0.128004463249906,1000008,0.95,-0.320919,0.069453,NA,NA,NA,NA,NA,NA,NA
"b[53] East Flatbush",-0.16818719155531,-0.167943,-0.167044922517567,939858.6,0.95,-0.271615,-0.0648297,NA,NA,NA,NA,NA,NA,NA
"b[54] East Harlem",0.107651018808718,0.107636,0.107136085529617,828109.8,0.95,0.0325197,0.182044,NA,NA,NA,NA,NA,NA,NA
"b[55] East New York",-0.206909214580241,-0.2072335,-0.206812427525033,973245.8,0.95,-0.330517,-0.0846456,NA,NA,NA,NA,NA,NA,NA
"b[56] East Village",0.424686599070207,0.424642,0.423612029476194,695530.2,0.95,0.370626,0.479294,NA,NA,NA,NA,NA,NA,NA
"b[57] Eastchester",0.0077599187134952,0.01018545,0.0186184566200003,1003748.1,0.95,-0.260153,0.271323,NA,NA,NA,NA,NA,NA,NA
"b[58] Edenwald",-0.205246758001145,-0.205905,-0.213753442638552,996997.4,0.95,-0.528126,0.114462,NA,NA,NA,NA,NA,NA,NA
"b[59] Edgemere",0.136497623108746,0.1382475,0.141713404037649,994157.1,0.95,-0.235202,0.507621,NA,NA,NA,NA,NA,NA,NA
"b[60] Elmhurst",-0.0412119700158103,-0.04031245,-0.0479342294959019,995807.7,0.95,-0.222022,0.139163,NA,NA,NA,NA,NA,NA,NA
"b[61] Eltingville",-0.220135548532315,-0.2217255,-0.221356279173339,983405.7,0.95,-0.632793,0.19728,NA,NA,NA,NA,NA,NA,NA
"b[62] Emerson Hill",-0.182049662985856,-0.1823725,-0.192230096539947,988575.9,0.95,-0.592324,0.232602,NA,NA,NA,NA,NA,NA,NA
"b[63] Far Rockaway",-0.182950881226593,-0.1852355,-0.205353420529998,1000008,0.95,-0.592461,0.233753,NA,NA,NA,NA,NA,NA,NA
"b[64] Fieldston",-0.0543287487635577,-0.05253085,-0.0358372702677796,995987.9,0.95,-0.431265,0.311914,NA,NA,NA,NA,NA,NA,NA
"b[65] Financial District",0.460030937245502,0.460075,0.460745872919599,966717.8,0.95,0.332154,0.587557,NA,NA,NA,NA,NA,NA,NA
"b[66] Flatbush",-0.236160394258446,-0.236151,-0.235110327162079,940177.2,0.95,-0.319634,-0.152351,NA,NA,NA,NA,NA,NA,NA
"b[67] Flatiron District",0.577264267879357,0.577972,0.578898654914826,997161.4,0.95,0.380721,0.774971,NA,NA,NA,NA,NA,NA,NA
"b[68] Flatlands",-0.245012255545077,-0.246981,-0.249838996222285,992913,0.95,-0.488964,0.00485263,NA,NA,NA,NA,NA,NA,NA
"b[69] Flushing",-0.120038186019838,-0.119995,-0.118101368299411,995413,0.95,-0.260376,0.0212504,NA,NA,NA,NA,NA,NA,NA
"b[70] Fordham",-0.378060145681243,-0.380118,-0.387791030043915,996622.9,0.95,-0.718305,-0.025749,NA,NA,NA,NA,NA,NA,NA
"b[71] Forest Hills",-0.0325394645594093,-0.03319305,-0.0375831534982163,1000008,0.95,-0.246582,0.181718,NA,NA,NA,NA,NA,NA,NA
"b[72] Fort Greene",0.31123353628971,0.311311,0.31182413788343,876147.4,0.95,0.236273,0.385771,NA,NA,NA,NA,NA,NA,NA
"b[73] Fort Hamilton",-0.00648192669988596,-0.006598295,-0.0109139586639367,995004.4,0.95,-0.195555,0.183907,NA,NA,NA,NA,NA,NA,NA
"b[74] Fort Wadsworth",-0.013582289620315,-0.01042555,-0.0112945165855765,930173.2,0.95,-0.470726,0.435702,NA,NA,NA,NA,NA,NA,NA
"b[75] Fresh Meadows",-0.44589194976962,-0.448271,-0.453829306656879,996252.4,0.95,-0.794288,-0.0886261,NA,NA,NA,NA,NA,NA,NA
"b[76] Glendale",-0.00861458228553374,-0.00806981,-0.0110882747682756,1000008,0.95,-0.275829,0.258807,NA,NA,NA,NA,NA,NA,NA
"b[77] Gowanus",0.258575136519097,0.2587845,0.25770062649533,976203.2,0.95,0.154836,0.364503,NA,NA,NA,NA,NA,NA,NA
"b[78] Gramercy",0.422185776037792,0.42212,0.422269342234311,993571.1,0.95,0.301307,0.543087,NA,NA,NA,NA,NA,NA,NA
"b[79] Grant City",-0.263193958354761,-0.265991,-0.266142382541093,986679.7,0.95,-0.682823,0.159707,NA,NA,NA,NA,NA,NA,NA
"b[80] Gravesend",-0.072263275691767,-0.07324475,-0.0725926365207397,1000008,0.95,-0.322207,0.176451,NA,NA,NA,NA,NA,NA,NA
"b[81] Great Kills",-0.246365962130029,-0.2473725,-0.262059835769268,983855.7,0.95,-0.627938,0.128447,NA,NA,NA,NA,NA,NA,NA
"b[82] Greenpoint",0.209423538608991,0.209506,0.209837221468099,810671.4,0.95,0.140844,0.276638,NA,NA,NA,NA,NA,NA,NA
"b[83] Greenwich Village",0.655648599807202,0.655675,0.655524408292602,896265.4,0.95,0.55857,0.753991,NA,NA,NA,NA,NA,NA,NA
"b[84] Grymes Hill",-0.0564050499750987,-0.0569536,-0.0711619115572732,986356,0.95,-0.464673,0.355537,NA,NA,NA,NA,NA,NA,NA
"b[85] Harlem",0.111120618266612,0.111139,0.111915454829559,712587.3,0.95,0.0583318,0.164313,NA,NA,NA,NA,NA,NA,NA
"b[86] Hell's Kitchen",0.618552018643851,0.61851,0.617902683584142,800561.7,0.95,0.550499,0.686286,NA,NA,NA,NA,NA,NA,NA
"b[87] Hollis",-0.166309832388934,-0.1685995,-0.169139689279063,995958,0.95,-0.57842,0.243295,NA,NA,NA,NA,NA,NA,NA
"b[88] Holliswood",-0.120644895471193,-0.121444,-0.121998257360044,1003885.5,0.95,-0.52349,0.285273,NA,NA,NA,NA,NA,NA,NA
"b[89] Howard Beach",-0.0405408765778713,-0.04045245,-0.0427944291273084,1000008,0.95,-0.345476,0.267084,NA,NA,NA,NA,NA,NA,NA
"b[90] Huguenot",0.00281006936354777,0.005732605,-0.000702613559960374,977674.9,0.95,-0.465366,0.462989,NA,NA,NA,NA,NA,NA,NA
"b[91] Inwood",-0.150588575824534,-0.150706,-0.147136885301232,954246.6,0.95,-0.275407,-0.0279862,NA,NA,NA,NA,NA,NA,NA
"b[92] Jackson Heights",-0.115682077515896,-0.115071,-0.115780088504009,1000008,0.95,-0.289646,0.0585197,NA,NA,NA,NA,NA,NA,NA
"b[93] Jamaica",-0.367827814185593,-0.367798,-0.371355999343225,1001082.6,0.95,-0.548731,-0.185844,NA,NA,NA,NA,NA,NA,NA
"b[94] Jamaica Estates",-0.187408690524511,-0.187668,-0.193525654761249,1000008,0.95,-0.57668,0.20177,NA,NA,NA,NA,NA,NA,NA
"b[95] Kensington",-0.258748526079196,-0.258615,-0.262323913138862,995646,0.95,-0.404402,-0.115396,NA,NA,NA,NA,NA,NA,NA
"b[96] Kew Gardens",0.0734151332794144,0.07494905,0.0772552180566942,1000008,0.95,-0.203773,0.351192,NA,NA,NA,NA,NA,NA,NA
"b[97] Kew Gardens Hills",-0.0224930699922508,-0.02096545,-0.021246143308548,1000008,0.95,-0.283463,0.235756,NA,NA,NA,NA,NA,NA,NA
"b[98] Kingsbridge",-0.135888226658715,-0.1347235,-0.126027595979865,986003.4,0.95,-0.376629,0.100866,NA,NA,NA,NA,NA,NA,NA
"b[99] Kips Bay",0.425777130967952,0.425584,0.426925532116453,990743.3,0.95,0.326808,0.525264,NA,NA,NA,NA,NA,NA,NA
"b[100] Laurelton",-0.0944601563886873,-0.0944421,-0.0916696986046746,1000008,0.95,-0.47583,0.282407,NA,NA,NA,NA,NA,NA,NA
"b[101] Lighthouse Hill",0.0136345946119806,0.01605745,0.0316931353252392,974139.5,0.95,-0.462273,0.485931,NA,NA,NA,NA,NA,NA,NA
"b[102] Little Italy",0.598079591334769,0.597365,0.595745372143317,997445.7,0.95,0.378502,0.817512,NA,NA,NA,NA,NA,NA,NA
"b[103] Long Island City",0.128822339172518,0.128934,0.127825037753174,990556.1,0.95,0.0190063,0.23954,NA,NA,NA,NA,NA,NA,NA
"b[104] Longwood",-0.270730169936415,-0.272632,-0.277697882460284,994173.5,0.95,-0.550387,0.00622951,NA,NA,NA,NA,NA,NA,NA
"b[105] Lower East Side",0.374887825427397,0.374893,0.376069421775795,827578.3,0.95,0.2962,0.45212,NA,NA,NA,NA,NA,NA,NA
"b[106] Manhattan Beach",0.084857712223861,0.0869402,0.0941362971620767,995227,0.95,-0.278474,0.445087,NA,NA,NA,NA,NA,NA,NA
"b[107] Marble Hill",-0.110512389188397,-0.114859,-0.125265653345467,989535.4,0.95,-0.440354,0.228929,NA,NA,NA,NA,NA,NA,NA
"b[108] Mariners Harbor",-0.233043079114447,-0.2346385,-0.228456136665906,952761.2,0.95,-0.649577,0.18293,NA,NA,NA,NA,NA,NA,NA
"b[109] Maspeth",-0.184824400301738,-0.184652,-0.184655617334321,1000008,0.95,-0.379422,0.00761665,NA,NA,NA,NA,NA,NA,NA
"b[110] Middle Village",-0.0423380437660928,-0.0425831,-0.0376176857440967,997481,0.95,-0.257269,0.176738,NA,NA,NA,NA,NA,NA,NA
"b[111] Midtown",0.648354124063008,0.648318,0.651070277110729,852807.7,0.95,0.567291,0.729339,NA,NA,NA,NA,NA,NA,NA
"b[112] Midwood",-0.291006255106315,-0.291644,-0.292993747524547,1000008,0.95,-0.445337,-0.135013,NA,NA,NA,NA,NA,NA,NA
"b[113] Mill Basin",-0.0163600202487637,-0.01763935,-0.0234605390404046,1000008,0.95,-0.418112,0.393966,NA,NA,NA,NA,NA,NA,NA
"b[114] Morningside Heights",0.00883291625516297,0.00877383,0.00931733977661861,951898.1,0.95,-0.0924101,0.112203,NA,NA,NA,NA,NA,NA,NA
"b[115] Morris Park",-0.449590795768816,-0.451557,-0.44571014393458,996142,0.95,-0.878667,-0.0185437,NA,NA,NA,NA,NA,NA,NA
"b[116] Morrisania",-0.00633571186704278,-0.00529021,-0.0211370548574503,995493.6,0.95,-0.408595,0.397799,NA,NA,NA,NA,NA,NA,NA
"b[117] Mott Haven",-0.196118438508214,-0.1958205,-0.193151557002295,1000008,0.95,-0.427719,0.0360356,NA,NA,NA,NA,NA,NA,NA
"b[118] Mount Hope",-0.293817934923917,-0.294797,-0.300684706261462,1000008,0.95,-0.611792,0.0244165,NA,NA,NA,NA,NA,NA,NA
"b[119] Murray Hill",0.602153859870121,0.602168,0.602447308395821,895738.5,0.95,0.518684,0.685988,NA,NA,NA,NA,NA,NA,NA
"b[120] Navy Yard",0.254939524294943,0.2579145,0.258736197128081,990155.5,0.95,-0.0208731,0.527937,NA,NA,NA,NA,NA,NA,NA
"b[121] Neponsit",0.0969438474348888,0.09945235,0.0972016429763065,1000008,0.95,-0.358452,0.546651,NA,NA,NA,NA,NA,NA,NA
"b[122] NoHo",0.664655444424445,0.665559,0.669489747092,993775.4,0.95,0.463062,0.863789,NA,NA,NA,NA,NA,NA,NA
"b[123] Nolita",0.666284142135863,0.666571,0.664863515942496,982246.7,0.95,0.553424,0.77926,NA,NA,NA,NA,NA,NA,NA
"b[124] Norwood",-0.17179679444279,-0.171711,-0.173644172618041,1000008,0.95,-0.573487,0.224219,NA,NA,NA,NA,NA,NA,NA
"b[125] Oakwood",-0.118576085145186,-0.1167205,-0.114116616260577,988922.1,0.95,-0.539538,0.295527,NA,NA,NA,NA,NA,NA,NA
"b[126] Ozone Park",-0.163942134843485,-0.1635905,-0.156352492121924,1000008,0.95,-0.437223,0.104463,NA,NA,NA,NA,NA,NA,NA
"b[127] Park Slope",0.259265766771366,0.259324,0.261709539067654,825516.4,0.95,0.187833,0.330487,NA,NA,NA,NA,NA,NA,NA
"b[128] Parkchester",0.0215231775999553,0.02408765,0.0251467138544912,985829.9,0.95,-0.441939,0.48152,NA,NA,NA,NA,NA,NA,NA
"b[129] Pelham Bay",0.14798803527157,0.150723,0.161539542023026,1000008,0.95,-0.198123,0.479186,NA,NA,NA,NA,NA,NA,NA
"b[130] Pelham Gardens",-0.274832374492501,-0.276583,-0.284047513960255,1000008,0.95,-0.563912,0.0180576,NA,NA,NA,NA,NA,NA,NA
"b[131] Port Morris",-0.156669988491178,-0.1566735,-0.161447329879897,1000008,0.95,-0.460074,0.146559,NA,NA,NA,NA,NA,NA,NA
"b[132] Port Richmond",-0.399952238501398,-0.405093,-0.414632831164717,985872.2,0.95,-0.778968,-0.0128226,NA,NA,NA,NA,NA,NA,NA
"b[133] Prospect-Lefferts Gardens",-0.197789359352015,-0.197917,-0.196365775210848,918957.6,0.95,-0.280073,-0.114928,NA,NA,NA,NA,NA,NA,NA
"b[134] Prospect Heights",0.168913199836425,0.1690225,0.169524384719895,874470.9,0.95,0.0899376,0.248344,NA,NA,NA,NA,NA,NA,NA
"b[135] Queens Village",-0.334032424296124,-0.334605,-0.329353384789065,1000008,0.95,-0.548138,-0.121849,NA,NA,NA,NA,NA,NA,NA
"b[136] Randall Manor",-0.247386228530244,-0.2483735,-0.254040461974844,991255.2,0.95,-0.627875,0.137523,NA,NA,NA,NA,NA,NA,NA
"b[137] Red Hook",0.168870790114744,0.170032,0.17816134564101,1000008,0.95,-0.0343016,0.36727,NA,NA,NA,NA,NA,NA,NA
"b[138] Rego Park",-0.174632489446286,-0.1750285,-0.181187545653654,1009478.3,0.95,-0.46247,0.114279,NA,NA,NA,NA,NA,NA,NA
"b[139] Richmond Hill",-0.373113134912648,-0.374517,-0.381557001081486,1000008,0.95,-0.618595,-0.124424,NA,NA,NA,NA,NA,NA,NA
"b[140] Richmondtown",-0.189011117479035,-0.1897705,-0.189923044384545,989424.6,0.95,-0.602257,0.223446,NA,NA,NA,NA,NA,NA,NA
"b[141] Ridgewood",-0.247901005360089,-0.248062,-0.243812679608183,987529.1,0.95,-0.355653,-0.140021,NA,NA,NA,NA,NA,NA,NA
"b[142] Riverdale",-0.15653550986131,-0.156129,-0.158924906138414,1000008,0.95,-0.56459,0.249241,NA,NA,NA,NA,NA,NA,NA
"b[143] Rockaway Beach",-0.0472366240055043,-0.04717315,-0.0475470297349894,1000008,0.95,-0.25471,0.156372,NA,NA,NA,NA,NA,NA,NA
"b[144] Roosevelt Island",-0.0988060165110343,-0.1034065,-0.107446344009394,967231.9,0.95,-0.421032,0.231649,NA,NA,NA,NA,NA,NA,NA
"b[145] Rosedale",-0.0260403561728295,-0.02535345,-0.029272040264447,991271.5,0.95,-0.29045,0.233103,NA,NA,NA,NA,NA,NA,NA
"b[146] Sea Gate",-0.138972400981224,-0.138547,-0.140694809044851,995157.5,0.95,-0.519707,0.234255,NA,NA,NA,NA,NA,NA,NA
"b[147] Sheepshead Bay",-0.0690217281561814,-0.0690795,-0.0665016336873707,1000008,0.95,-0.236139,0.0988407,NA,NA,NA,NA,NA,NA,NA
"b[148] Shore Acres",-0.216055123208025,-0.217186,-0.224286203847266,983282.3,0.95,-0.568528,0.145884,NA,NA,NA,NA,NA,NA,NA
"b[149] SoHo",0.841852687437501,0.842049,0.844171615006468,1000008,0.95,0.71205,0.970752,NA,NA,NA,NA,NA,NA,NA
"b[150] Soundview",-0.401155265520425,-0.4060775,-0.412985265966232,995937.4,0.95,-0.77547,-0.0126915,NA,NA,NA,NA,NA,NA,NA
"b[151] South Beach",-0.181966265641334,-0.181896,-0.174242305706235,972329.6,0.95,-0.596091,0.230404,NA,NA,NA,NA,NA,NA,NA
"b[152] South Ozone Park",-0.218447631190006,-0.220051,-0.231413082530623,1000008,0.95,-0.547324,0.116497,NA,NA,NA,NA,NA,NA,NA
"b[153] South Slope",0.160770804224219,0.16094,0.161247264671491,911885,0.95,0.0798815,0.240089,NA,NA,NA,NA,NA,NA,NA
"b[154] Springfield Gardens",-0.190528711460095,-0.19074,-0.193400442133679,1004028.7,0.95,-0.403288,0.0253284,NA,NA,NA,NA,NA,NA,NA
"b[155] Spuyten Duyvil",-0.109755905031327,-0.108402,-0.0949425580824859,1000008,0.95,-0.470065,0.248153,NA,NA,NA,NA,NA,NA,NA
"b[156] St. Albans",-0.182179669029474,-0.182042,-0.172828060258306,996492.5,0.95,-0.421242,0.0567625,NA,NA,NA,NA,NA,NA,NA
"b[157] St. George",-0.0711335856629161,-0.0701597,-0.0713419789715187,989621.6,0.95,-0.339541,0.192628,NA,NA,NA,NA,NA,NA,NA
"b[158] Stapleton",-0.315365048818191,-0.3173955,-0.324454673624238,989730.2,0.95,-0.647105,0.0228273,NA,NA,NA,NA,NA,NA,NA
"b[159] Stuyvesant Town",0.0400645812199827,0.03456655,0.006201682628036,966973,0.95,-0.344184,0.431631,NA,NA,NA,NA,NA,NA,NA
"b[160] Sunnyside",-0.0135758287073673,-0.0133902,-0.0123444300090068,972903.4,0.95,-0.123435,0.0963736,NA,NA,NA,NA,NA,NA,NA
"b[161] Sunset Park",-0.12686537777195,-0.126734,-0.125818716222389,988819.7,0.95,-0.233374,-0.0225151,NA,NA,NA,NA,NA,NA,NA
"b[162] Theater District",0.875854216524268,0.87665,0.881038187918337,988533.4,0.95,0.737066,1.0115,NA,NA,NA,NA,NA,NA,NA
"b[163] Throgs Neck",-0.109998238156541,-0.108189,-0.108098763082587,1000726,0.95,-0.521128,0.300427,NA,NA,NA,NA,NA,NA,NA
"b[164] Tottenville",-0.149935852632989,-0.1491325,-0.147988034306647,961007,0.95,-0.568026,0.260536,NA,NA,NA,NA,NA,NA,NA
"b[165] Tremont",-0.0925742727039035,-0.09231305,-0.098480230806679,994481.5,0.95,-0.482951,0.293667,NA,NA,NA,NA,NA,NA,NA
"b[166] Tribeca",0.80621138000196,0.806556,0.808043911159607,997081.4,0.95,0.629066,0.984586,NA,NA,NA,NA,NA,NA,NA
"b[167] Two Bridges",0.337655015944002,0.336806,0.332719613261074,995157.3,0.95,0.0856071,0.599201,NA,NA,NA,NA,NA,NA,NA
"b[168] University Heights",-0.0620954118689036,-0.05919875,-0.0571768671451567,983896.6,0.95,-0.485562,0.355492,NA,NA,NA,NA,NA,NA,NA
"b[169] Upper East Side",0.403648409456724,0.4036175,0.403419450196508,712091.7,0.95,0.346725,0.459676,NA,NA,NA,NA,NA,NA,NA
"b[170] Upper West Side",0.481855907160743,0.481841,0.480289949015301,750064,0.95,0.424301,0.539041,NA,NA,NA,NA,NA,NA,NA
"b[171] Van Nest",-0.0629196383868592,-0.0655519,-0.0797328927619396,997154.8,0.95,-0.487725,0.369473,NA,NA,NA,NA,NA,NA,NA
"b[172] Vinegar Hill",0.358966434221525,0.36043,0.365702012652452,1000008,0.95,0.123004,0.594231,NA,NA,NA,NA,NA,NA,NA
"b[173] Wakefield",-0.251949267976863,-0.250644,-0.251425127457671,1000008,0.95,-0.578052,0.0727055,NA,NA,NA,NA,NA,NA,NA
"b[174] Washington Heights",-0.119360344753624,-0.119407,-0.118908655949482,926703,0.95,-0.199671,-0.0390131,NA,NA,NA,NA,NA,NA,NA
"b[175] West Brighton",-0.200909705785381,-0.2016915,-0.211691838209439,987084.5,0.95,-0.61722,0.209197,NA,NA,NA,NA,NA,NA,NA
"b[176] West Village",0.751387845552236,0.751321,0.750361867418393,798608.4,0.95,0.682961,0.821683,NA,NA,NA,NA,NA,NA,NA
"b[177] Westchester Square",-0.212347520382581,-0.2134955,-0.205263756975771,1000008,0.95,-0.62023,0.19695,NA,NA,NA,NA,NA,NA,NA
"b[178] Whitestone",0.0818267056462598,0.08427735,0.0761274280557624,1000008,0.95,-0.362503,0.52286,NA,NA,NA,NA,NA,NA,NA
"b[179] Williamsbridge",-0.165766680621897,-0.1649765,-0.169686506355176,999727.1,0.95,-0.504829,0.168958,NA,NA,NA,NA,NA,NA,NA
"b[180] Williamsburg",0.187643330936953,0.1876685,0.188397244949523,642733.5,0.95,0.139699,0.235333,NA,NA,NA,NA,NA,NA,NA
"b[181] Willowbrook",-0.203412619621897,-0.204058,-0.204886672937606,991446.5,0.95,-0.621041,0.206981,NA,NA,NA,NA,NA,NA,NA
"b[182] Windsor Terrace",0.0722897937349647,0.0722839,0.0715460685417801,985223.9,0.95,-0.0399467,0.184081,NA,NA,NA,NA,NA,NA,NA
"b[183] Woodhaven",-0.25468587777842,-0.255213,-0.256351812323137,1000008,0.95,-0.494877,-0.00945787,NA,NA,NA,NA,NA,NA,NA
"b[184] Woodside",-0.163851549169924,-0.163454,-0.159015080895564,996506.7,0.95,-0.331585,0.0034176,NA,NA,NA,NA,NA,NA,NA
"aMet",0.402767690898473,0.402758,0.402839818304057,983988.6,0.95,0.388648,0.416826,NA,NA,NA,NA,NA,NA,NA
"aSigma",0.242291957227342,0.241502,0.239608907413563,939576.4,0.95,0.207803,0.278209,NA,NA,NA,NA,NA,NA,NA
"ySigma[1] Allerton",0.36883437995496,0.367054,0.364604434432438,947536,0.95,0.273829,0.467837,NA,NA,NA,NA,NA,NA,NA
"ySigma[2] Arrochar",0.394830669738642,0.392355,0.38365230501559,985336,0.95,0.290487,0.502064,NA,NA,NA,NA,NA,NA,NA
"ySigma[3] Arverne",0.386470045916633,0.384438,0.376033924588885,988613.7,0.95,0.302077,0.473891,NA,NA,NA,NA,NA,NA,NA
"ySigma[4] Astoria",0.388187146978824,0.387319,0.384784725327163,981131,0.95,0.341366,0.4365,NA,NA,NA,NA,NA,NA,NA
"ySigma[5] Bath Beach",0.370531329255366,0.368988,0.366710230992016,946014.3,0.95,0.267347,0.477742,NA,NA,NA,NA,NA,NA,NA
"ySigma[6] Battery Park City",0.41461314122287,0.412125,0.406323799809803,967106.9,0.95,0.328763,0.503832,NA,NA,NA,NA,NA,NA,NA
"ySigma[7] Bay Ridge",0.372999865434077,0.371192,0.36842299998599,960182.9,0.95,0.287072,0.462816,NA,NA,NA,NA,NA,NA,NA
"ySigma[8] Bay Terrace",0.386400506332949,0.384219,0.381128341798142,976823.9,0.95,0.282141,0.495133,NA,NA,NA,NA,NA,NA,NA
"ySigma[9] Bay Terrace, Staten Island",0.388124268870849,0.385899,0.379207405434128,979908.7,0.95,0.281155,0.497148,NA,NA,NA,NA,NA,NA,NA
"ySigma[10] Baychester",0.382584410456716,0.380599,0.377904253103329,973192.7,0.95,0.277054,0.490478,NA,NA,NA,NA,NA,NA,NA
"ySigma[11] Bayside",0.368257588485292,0.366726,0.363948608110175,929362.5,0.95,0.263321,0.472153,NA,NA,NA,NA,NA,NA,NA
"ySigma[12] Bayswater",0.425918847566219,0.422501,0.417510011900158,943758.6,0.95,0.321042,0.535975,NA,NA,NA,NA,NA,NA,NA
"ySigma[13] Bedford-Stuyvesant",0.424903533179735,0.424614,0.424540955844568,964735,0.95,0.397387,0.452852,NA,NA,NA,NA,NA,NA,NA
"ySigma[14] Bellerose",0.387613682146543,0.3855035,0.385891625918715,974379.2,0.95,0.281448,0.496693,NA,NA,NA,NA,NA,NA,NA
"ySigma[15] Bensonhurst",0.369021548585611,0.367244,0.36413954513195,956332.2,0.95,0.283316,0.457208,NA,NA,NA,NA,NA,NA,NA
"ySigma[16] Bergen Beach",0.381137893686851,0.37928,0.375226443558757,975960.5,0.95,0.27578,0.489814,NA,NA,NA,NA,NA,NA,NA
"ySigma[17] Boerum Hill",0.352495313307494,0.351038,0.348426566922542,935990.6,0.95,0.283082,0.424376,NA,NA,NA,NA,NA,NA,NA
"ySigma[18] Borough Park",0.400022900444796,0.397389,0.394916415909946,977732.8,0.95,0.303416,0.501452,NA,NA,NA,NA,NA,NA,NA
"ySigma[19] Briarwood",0.368229277745778,0.3668585,0.365710664392812,934391,0.95,0.262701,0.474765,NA,NA,NA,NA,NA,NA,NA
"ySigma[20] Brighton Beach",0.384092408227734,0.381875,0.377645719239008,975545,0.95,0.290349,0.47998,NA,NA,NA,NA,NA,NA,NA
"ySigma[21] Bronxdale",0.389122258148935,0.386838,0.382351259454271,980700.4,0.95,0.285539,0.494895,NA,NA,NA,NA,NA,NA,NA
"ySigma[22] Brooklyn Heights",0.321463985944112,0.320049,0.316164629019033,809661,0.95,0.248492,0.396474,NA,NA,NA,NA,NA,NA,NA
"ySigma[23] Brownsville",0.378763381397949,0.376702,0.371966514804973,961585.2,0.95,0.282491,0.478295,NA,NA,NA,NA,NA,NA,NA
"ySigma[24] Bushwick",0.410659156875745,0.410122,0.409351848260251,989282.3,0.95,0.37513,0.4472,NA,NA,NA,NA,NA,NA,NA
"ySigma[25] Cambria Heights",0.38784161744306,0.385653,0.383654858011771,982154.4,0.95,0.281878,0.497364,NA,NA,NA,NA,NA,NA,NA
"ySigma[26] Canarsie",0.369424042031664,0.367646,0.362941048270067,963413.9,0.95,0.289522,0.452636,NA,NA,NA,NA,NA,NA,NA
"ySigma[27] Carroll Gardens",0.364086372242022,0.362895,0.360275907960198,968061.2,0.95,0.307179,0.423107,NA,NA,NA,NA,NA,NA,NA
"ySigma[28] Castleton Corners",0.38763158122135,0.3854405,0.381754534014321,969631.8,0.95,0.281917,0.497218,NA,NA,NA,NA,NA,NA,NA
"ySigma[29] Chelsea",0.441269096134231,0.440498,0.43800392684915,967853,0.95,0.396324,0.488485,NA,NA,NA,NA,NA,NA,NA
"ySigma[30] Chinatown",0.378169777053784,0.376768,0.374450485234078,988735.3,0.95,0.31641,0.441666,NA,NA,NA,NA,NA,NA,NA
"ySigma[31] City Island",0.385604825784394,0.383537,0.382246536875127,982579.4,0.95,0.280653,0.493616,NA,NA,NA,NA,NA,NA,NA
"ySigma[32] Civic Center",0.383647929577563,0.3815045,0.376688856811097,981141.5,0.95,0.289455,0.481323,NA,NA,NA,NA,NA,NA,NA
"ySigma[33] Claremont Village",0.392848927117583,0.390457,0.386295088663779,981334.2,0.95,0.287569,0.500386,NA,NA,NA,NA,NA,NA,NA
"ySigma[34] Clason Point",0.403328013823889,0.40055,0.394148576038313,981578.6,0.95,0.302281,0.50825,NA,NA,NA,NA,NA,NA,NA
"ySigma[35] Clifton",0.37430978120775,0.372613,0.368058478626733,952114.9,0.95,0.269649,0.48133,NA,NA,NA,NA,NA,NA,NA
"ySigma[36] Clinton Hill",0.384982472751218,0.384103,0.382178702344608,986312,0.95,0.338046,0.434202,NA,NA,NA,NA,NA,NA,NA
"ySigma[37] Cobble Hill",0.35833153996868,0.356766,0.354050468572542,932216.2,0.95,0.27966,0.43964,NA,NA,NA,NA,NA,NA,NA
"ySigma[38] College Point",0.395574362698098,0.39305,0.387409615812492,981149,0.95,0.294054,0.50245,NA,NA,NA,NA,NA,NA,NA
"ySigma[39] Columbia St",0.367785601604187,0.366075,0.364890435547917,937354.4,0.95,0.275144,0.46349,NA,NA,NA,NA,NA,NA,NA
"ySigma[40] Concord",0.391199669441644,0.38887,0.387930490803548,976911.3,0.95,0.285538,0.501485,NA,NA,NA,NA,NA,NA,NA
"ySigma[41] Concourse",0.385956964145287,0.383783,0.37746316662674,981748.8,0.95,0.294159,0.481619,NA,NA,NA,NA,NA,NA,NA
"ySigma[42] Concourse Village",0.428435633597931,0.424917,0.419946949015364,928542.4,0.95,0.323059,0.539485,NA,NA,NA,NA,NA,NA,NA
"ySigma[43] Coney Island",0.368126205682355,0.366741,0.362054098537684,925624.3,0.95,0.264215,0.475674,NA,NA,NA,NA,NA,NA,NA
"ySigma[44] Corona",0.378969060412517,0.3771765,0.373941289724561,955839.3,0.95,0.274711,0.485709,NA,NA,NA,NA,NA,NA,NA
"ySigma[45] Crown Heights",0.387499981970144,0.387049,0.386662413490931,989721.5,0.95,0.354052,0.421695,NA,NA,NA,NA,NA,NA,NA
"ySigma[46] Cypress Hills",0.36384060124419,0.362156,0.35910214880522,940754.9,0.95,0.269427,0.461781,NA,NA,NA,NA,NA,NA,NA
"ySigma[47] Ditmars Steinway",0.37796457371741,0.376338,0.375466742488408,974873.6,0.95,0.307078,0.451859,NA,NA,NA,NA,NA,NA,NA
"ySigma[48] Douglaston",0.390203855335157,0.387945,0.384445661569262,980941.6,0.95,0.283912,0.499637,NA,NA,NA,NA,NA,NA,NA
"ySigma[49] Downtown Brooklyn",0.381973824287406,0.379952,0.376524481458438,971744.8,0.95,0.290243,0.478059,NA,NA,NA,NA,NA,NA,NA
"ySigma[50] DUMBO",0.376903798493612,0.374926,0.370476569256905,969188.6,0.95,0.285881,0.469634,NA,NA,NA,NA,NA,NA,NA
"ySigma[51] Dyker Heights",0.388295777755778,0.38609,0.379701171851276,979240.9,0.95,0.28445,0.496031,NA,NA,NA,NA,NA,NA,NA
"ySigma[52] East Elmhurst",0.372878831896345,0.371082,0.36727322372558,957872.2,0.95,0.28246,0.465479,NA,NA,NA,NA,NA,NA,NA
"ySigma[53] East Flatbush",0.36592283877629,0.364551,0.362044609647299,972015.5,0.95,0.302489,0.431281,NA,NA,NA,NA,NA,NA,NA
"ySigma[54] East Harlem",0.439410537376701,0.438569,0.438116770041214,964439.7,0.95,0.392884,0.486763,NA,NA,NA,NA,NA,NA,NA
"ySigma[55] East New York",0.334930024329805,0.333442,0.331633059385504,874030.3,0.95,0.261759,0.409898,NA,NA,NA,NA,NA,NA,NA
"ySigma[56] East Village",0.414708774766802,0.414305,0.413273990459398,970845.8,0.95,0.381411,0.448576,NA,NA,NA,NA,NA,NA,NA
"ySigma[57] Eastchester",0.36415034119727,0.362979,0.363682440862838,919672.5,0.95,0.259836,0.470624,NA,NA,NA,NA,NA,NA,NA
"ySigma[58] Edenwald",0.378500544589643,0.376675,0.374041886538845,965813.8,0.95,0.275274,0.485673,NA,NA,NA,NA,NA,NA,NA
"ySigma[59] Edgemere",0.402461635901913,0.399705,0.396534165865596,983557.4,0.95,0.30062,0.509546,NA,NA,NA,NA,NA,NA,NA
"ySigma[60] Elmhurst",0.357877826367389,0.3562225,0.35292129939494,929614.4,0.95,0.268191,0.44898,NA,NA,NA,NA,NA,NA,NA
"ySigma[61] Eltingville",0.387807214472284,0.38567,0.380202677259906,980317.1,0.95,0.282577,0.497969,NA,NA,NA,NA,NA,NA,NA
"ySigma[62] Emerson Hill",0.38742485627715,0.385198,0.381342468535681,978657.3,0.95,0.280028,0.495697,NA,NA,NA,NA,NA,NA,NA
"ySigma[63] Far Rockaway",0.38993151746086,0.387671,0.386152950634313,980275.1,0.95,0.284155,0.499413,NA,NA,NA,NA,NA,NA,NA
"ySigma[64] Fieldston",0.388407460429317,0.3862,0.380337595884067,984680.4,0.95,0.283968,0.496943,NA,NA,NA,NA,NA,NA,NA
"ySigma[65] Financial District",0.432061472188222,0.430235,0.42726885031814,964613.3,0.95,0.362952,0.503361,NA,NA,NA,NA,NA,NA,NA
"ySigma[66] Flatbush",0.390559433468532,0.389548,0.387782942022799,988118.9,0.95,0.339529,0.442754,NA,NA,NA,NA,NA,NA,NA
"ySigma[67] Flatiron District",0.387326055642555,0.385175,0.382017385410729,986424.5,0.95,0.300426,0.476993,NA,NA,NA,NA,NA,NA,NA
"ySigma[68] Flatlands",0.367651055983552,0.365977,0.364326090288868,943084.4,0.95,0.267572,0.469046,NA,NA,NA,NA,NA,NA,NA
"ySigma[69] Flushing",0.433424927295582,0.431359,0.424865356651511,932637.7,0.95,0.35982,0.509631,NA,NA,NA,NA,NA,NA,NA
"ySigma[70] Fordham",0.391078375627995,0.388785,0.388838835852776,979308.6,0.95,0.287865,0.49876,NA,NA,NA,NA,NA,NA,NA
"ySigma[71] Forest Hills",0.440564394600843,0.43745,0.436377025255462,912736.7,0.95,0.347778,0.539937,NA,NA,NA,NA,NA,NA,NA
"ySigma[72] Fort Greene",0.346212986376109,0.345291,0.342266010221869,941387.1,0.95,0.297892,0.396041,NA,NA,NA,NA,NA,NA,NA
"ySigma[73] Fort Hamilton",0.35778685373917,0.356195,0.35324116310496,908677.1,0.95,0.266338,0.452474,NA,NA,NA,NA,NA,NA,NA
"ySigma[74] Fort Wadsworth",0.397785076833385,0.395254,0.39195383188688,979273.3,0.95,0.291973,0.507655,NA,NA,NA,NA,NA,NA,NA
"ySigma[75] Fresh Meadows",0.410879272710818,0.407852,0.403007759531711,967990.5,0.95,0.306462,0.51928,NA,NA,NA,NA,NA,NA,NA
"ySigma[76] Glendale",0.367157311447508,0.365734,0.365285477786994,934546.5,0.95,0.263559,0.470929,NA,NA,NA,NA,NA,NA,NA
"ySigma[77] Gowanus",0.379413939533484,0.377994,0.376519425126164,984008.8,0.95,0.316149,0.445393,NA,NA,NA,NA,NA,NA,NA
"ySigma[78] Gramercy",0.430735117629059,0.428939,0.425260608804182,946697.5,0.95,0.362674,0.502302,NA,NA,NA,NA,NA,NA,NA
"ySigma[79] Grant City",0.389354370758034,0.3871535,0.384048347291684,983552.3,0.95,0.284198,0.49987,NA,NA,NA,NA,NA,NA,NA
"ySigma[80] Gravesend",0.36225791879465,0.360972,0.358872142571531,905755.5,0.95,0.259949,0.465543,NA,NA,NA,NA,NA,NA,NA
"ySigma[81] Great Kills",0.389904725246198,0.387581,0.383378246855968,980639.2,0.95,0.286331,0.498149,NA,NA,NA,NA,NA,NA,NA
"ySigma[82] Greenpoint",0.441171549645603,0.440523,0.438763920971803,972661.9,0.95,0.399287,0.483118,NA,NA,NA,NA,NA,NA,NA
"ySigma[83] Greenwich Village",0.428879505995952,0.427448,0.425082152414039,956298.2,0.95,0.366595,0.493978,NA,NA,NA,NA,NA,NA,NA
"ySigma[84] Grymes Hill",0.403085147815817,0.400249,0.395350559578287,980236,0.95,0.300334,0.512406,NA,NA,NA,NA,NA,NA,NA
"ySigma[85] Harlem",0.437996965241278,0.437643,0.43692799226012,972038.5,0.95,0.406438,0.469916,NA,NA,NA,NA,NA,NA,NA
"ySigma[86] Hell's Kitchen",0.442901123623011,0.44222,0.440398448173563,971940.1,0.95,0.400666,0.486259,NA,NA,NA,NA,NA,NA,NA
"ySigma[87] Hollis",0.38912212003604,0.386951,0.384931945524107,979487,0.95,0.283086,0.498704,NA,NA,NA,NA,NA,NA,NA
"ySigma[88] Holliswood",0.387589090904273,0.385419,0.380557480222596,978125.6,0.95,0.2816,0.497047,NA,NA,NA,NA,NA,NA,NA
"ySigma[89] Howard Beach",0.383330034009728,0.381238,0.375111861377516,973593.3,0.95,0.281483,0.487838,NA,NA,NA,NA,NA,NA,NA
"ySigma[90] Huguenot",0.400917121964024,0.398172,0.389584463702123,979084.5,0.95,0.295296,0.511528,NA,NA,NA,NA,NA,NA,NA
"ySigma[91] Inwood",0.352584249722002,0.351034,0.349331829288173,936970.1,0.95,0.282754,0.424726,NA,NA,NA,NA,NA,NA,NA
"ySigma[92] Jackson Heights",0.423640928158575,0.421137,0.4176701966852,963962.3,0.95,0.340956,0.510992,NA,NA,NA,NA,NA,NA,NA
"ySigma[93] Jamaica",0.445681335945312,0.442782,0.438117278154349,901247.6,0.95,0.35708,0.539551,NA,NA,NA,NA,NA,NA,NA
"ySigma[94] Jamaica Estates",0.397539104354165,0.395004,0.393718416535832,984738.5,0.95,0.294427,0.505415,NA,NA,NA,NA,NA,NA,NA
"ySigma[95] Kensington",0.379657091397269,0.377836,0.37195369368136,960132.7,0.95,0.303549,0.459095,NA,NA,NA,NA,NA,NA,NA
"ySigma[96] Kew Gardens",0.395860068879449,0.393394,0.389430929760643,983297.2,0.95,0.299362,0.496473,NA,NA,NA,NA,NA,NA,NA
"ySigma[97] Kew Gardens Hills",0.384472250725994,0.382422,0.380223438081871,974866.5,0.95,0.285648,0.48634,NA,NA,NA,NA,NA,NA,NA
"ySigma[98] Kingsbridge",0.372927715227278,0.371117,0.366107263937055,946089.5,0.95,0.276255,0.472754,NA,NA,NA,NA,NA,NA,NA
"ySigma[99] Kips Bay",0.412808777056784,0.411432,0.407981063550732,972736,0.95,0.3529,0.475312,NA,NA,NA,NA,NA,NA,NA
"ySigma[100] Laurelton",0.393200800948592,0.3907465,0.386440990569209,982960.5,0.95,0.289574,0.500172,NA,NA,NA,NA,NA,NA,NA
"ySigma[101] Lighthouse Hill",0.404087393292854,0.401346,0.397467786406892,977279.5,0.95,0.298587,0.51524,NA,NA,NA,NA,NA,NA,NA
"ySigma[102] Little Italy",0.429786295338637,0.426772,0.419362601195477,942474.8,0.95,0.335895,0.528473,NA,NA,NA,NA,NA,NA,NA
"ySigma[103] Long Island City",0.402237228361173,0.40071,0.396444514672794,984711.7,0.95,0.338793,0.467953,NA,NA,NA,NA,NA,NA,NA
"ySigma[104] Longwood",0.419110333432333,0.415983,0.411654846489605,956786.4,0.95,0.317906,0.525633,NA,NA,NA,NA,NA,NA,NA
"ySigma[105] Lower East Side",0.4410166125401,0.440045,0.4371997541126,955470.3,0.95,0.391034,0.491199,NA,NA,NA,NA,NA,NA,NA
"ySigma[106] Manhattan Beach",0.400419240759074,0.397798,0.39087258018442,980397.2,0.95,0.298749,0.507086,NA,NA,NA,NA,NA,NA,NA
"ySigma[107] Marble Hill",0.400744322712418,0.398037,0.39561259259721,984033.2,0.95,0.296126,0.50765,NA,NA,NA,NA,NA,NA,NA
"ySigma[108] Mariners Harbor",0.388128502175983,0.3859125,0.384667317892864,979990.6,0.95,0.280639,0.496378,NA,NA,NA,NA,NA,NA,NA
"ySigma[109] Maspeth",0.355825956854345,0.354387,0.351518222390157,892748.9,0.95,0.262334,0.451447,NA,NA,NA,NA,NA,NA,NA
"ySigma[110] Middle Village",0.371261756057952,0.369559,0.364189166164213,954299.4,0.95,0.273784,0.469576,NA,NA,NA,NA,NA,NA,NA
"ySigma[111] Midtown",0.4915484750262,0.49057,0.48844406448019,901188,0.95,0.439681,0.545287,NA,NA,NA,NA,NA,NA,NA
"ySigma[112] Midwood",0.367572807061543,0.3658035,0.363171826978868,942770.7,0.95,0.285573,0.450906,NA,NA,NA,NA,NA,NA,NA
"ySigma[113] Mill Basin",0.387715951582387,0.385571,0.383472523169961,977492.3,0.95,0.283561,0.499308,NA,NA,NA,NA,NA,NA,NA
"ySigma[114] Morningside Heights",0.399771646011832,0.398369,0.393905170595012,986976.5,0.95,0.340164,0.461805,NA,NA,NA,NA,NA,NA,NA
"ySigma[115] Morris Park",0.415295485750114,0.4121195,0.405307249377675,965525,0.95,0.308745,0.526839,NA,NA,NA,NA,NA,NA,NA
"ySigma[116] Morrisania",0.417854357305142,0.414692,0.41288528023164,964279.3,0.95,0.315883,0.526148,NA,NA,NA,NA,NA,NA,NA
"ySigma[117] Mott Haven",0.384149994905041,0.38197,0.378907835709913,973282.7,0.95,0.291746,0.480563,NA,NA,NA,NA,NA,NA,NA
"ySigma[118] Mount Hope",0.401160966614267,0.398458,0.392652555792485,981550.8,0.95,0.302804,0.504611,NA,NA,NA,NA,NA,NA,NA
"ySigma[119] Murray Hill",0.324188778971768,0.323081,0.323157941703146,883930.9,0.95,0.27017,0.379997,NA,NA,NA,NA,NA,NA,NA
"ySigma[120] Navy Yard",0.370213729213166,0.3686,0.365159237900117,935703.9,0.95,0.267561,0.47605,NA,NA,NA,NA,NA,NA,NA
"ySigma[121] Neponsit",0.401368876547988,0.398694,0.396395213864008,978035.3,0.95,0.296058,0.512203,NA,NA,NA,NA,NA,NA,NA
"ySigma[122] NoHo",0.399574745388037,0.3972115,0.39404968053975,981246.6,0.95,0.313215,0.49073,NA,NA,NA,NA,NA,NA,NA
"ySigma[123] Nolita",0.395030478317173,0.393548,0.391797958007767,986354.1,0.95,0.331035,0.461432,NA,NA,NA,NA,NA,NA,NA
"ySigma[124] Norwood",0.399763236360109,0.397089,0.392813047010387,987757.7,0.95,0.296916,0.506865,NA,NA,NA,NA,NA,NA,NA
"ySigma[125] Oakwood",0.388469345936233,0.386317,0.386994149661416,982850.1,0.95,0.282143,0.497901,NA,NA,NA,NA,NA,NA,NA
"ySigma[126] Ozone Park",0.406284787806698,0.4036295,0.395661241812645,975769.7,0.95,0.308772,0.506113,NA,NA,NA,NA,NA,NA,NA
"ySigma[127] Park Slope",0.369117983588131,0.36828,0.366856103776693,972793.4,0.95,0.323361,0.416272,NA,NA,NA,NA,NA,NA,NA
"ySigma[128] Parkchester",0.402949405292758,0.40023,0.392251499605566,980989.8,0.95,0.297547,0.514138,NA,NA,NA,NA,NA,NA,NA
"ySigma[129] Pelham Bay",0.397005939880481,0.394433,0.390345105312623,984671.9,0.95,0.294875,0.50326,NA,NA,NA,NA,NA,NA,NA
"ySigma[130] Pelham Gardens",0.412908907181743,0.409995,0.403208925419194,974434.8,0.95,0.312598,0.517163,NA,NA,NA,NA,NA,NA,NA
"ySigma[131] Port Morris",0.380529982636139,0.378548,0.373925187770519,968488.3,0.95,0.278262,0.484723,NA,NA,NA,NA,NA,NA,NA
"ySigma[132] Port Richmond",0.38875384130127,0.386625,0.3820271966442,979323.3,0.95,0.282523,0.497913,NA,NA,NA,NA,NA,NA,NA
"ySigma[133] Prospect-Lefferts Gardens",0.37758551629887,0.376548,0.374460669205608,980320.7,0.95,0.324973,0.431918,NA,NA,NA,NA,NA,NA,NA
"ySigma[134] Prospect Heights",0.351023282388741,0.350049,0.346112504448607,955884.4,0.95,0.301043,0.402296,NA,NA,NA,NA,NA,NA,NA
"ySigma[135] Queens Village",0.399280800065599,0.396977,0.395945060103748,979207.1,0.95,0.307199,0.49367,NA,NA,NA,NA,NA,NA,NA
"ySigma[136] Randall Manor",0.391761704171367,0.389346,0.384083172458183,978523,0.95,0.288192,0.499214,NA,NA,NA,NA,NA,NA,NA
"ySigma[137] Red Hook",0.380896293302654,0.378939,0.374304742516079,974094.9,0.95,0.289574,0.474786,NA,NA,NA,NA,NA,NA,NA
"ySigma[138] Rego Park",0.420661376471988,0.417586,0.410431287139341,946103.6,0.95,0.32428,0.522724,NA,NA,NA,NA,NA,NA,NA
"ySigma[139] Richmond Hill",0.380043738633091,0.378015,0.375524859444103,960186.9,0.95,0.282847,0.480481,NA,NA,NA,NA,NA,NA,NA
"ySigma[140] Richmondtown",0.387398164178687,0.385208,0.38154009243729,985320.4,0.95,0.281211,0.496486,NA,NA,NA,NA,NA,NA,NA
"ySigma[141] Ridgewood",0.360032812074503,0.358596,0.356154742092529,958071,0.95,0.297393,0.42596,NA,NA,NA,NA,NA,NA,NA
"ySigma[142] Riverdale",0.387317463444292,0.385129,0.380145331831615,976887.8,0.95,0.281198,0.497103,NA,NA,NA,NA,NA,NA,NA
"ySigma[143] Rockaway Beach",0.362631451977384,0.3609365,0.357404494505512,945998.5,0.95,0.269548,0.457657,NA,NA,NA,NA,NA,NA,NA
"ySigma[144] Roosevelt Island",0.449013885711914,0.444678,0.441406451660899,858807.6,0.95,0.341046,0.56565,NA,NA,NA,NA,NA,NA,NA
"ySigma[145] Rosedale",0.362750662664699,0.361565,0.360658215307164,908018.8,0.95,0.258702,0.46868,NA,NA,NA,NA,NA,NA,NA
"ySigma[146] Sea Gate",0.424373781344749,0.420844,0.415666383957465,940365.3,0.95,0.31674,0.538298,NA,NA,NA,NA,NA,NA,NA
"ySigma[147] Sheepshead Bay",0.41224769875541,0.409974,0.405146775578946,973336,0.95,0.330048,0.498615,NA,NA,NA,NA,NA,NA,NA
"ySigma[148] Shore Acres",0.381106361180111,0.3792445,0.37418420479986,967053.5,0.95,0.276066,0.490022,NA,NA,NA,NA,NA,NA,NA
"ySigma[149] SoHo",0.469628040502676,0.467603,0.464989783409678,893718.1,0.95,0.397034,0.545578,NA,NA,NA,NA,NA,NA,NA
"ySigma[150] Soundview",0.389797009795922,0.387584,0.383658323054338,980678.2,0.95,0.283544,0.498892,NA,NA,NA,NA,NA,NA,NA
"ySigma[151] South Beach",0.387376020658835,0.385162,0.383077551473861,974849.1,0.95,0.281281,0.496938,NA,NA,NA,NA,NA,NA,NA
"ySigma[152] South Ozone Park",0.384649279114767,0.3825375,0.381421245512248,980120.5,0.95,0.281139,0.491192,NA,NA,NA,NA,NA,NA,NA
"ySigma[153] South Slope",0.323147318408453,0.322059,0.321246443930263,887048.8,0.95,0.271756,0.376014,NA,NA,NA,NA,NA,NA,NA
"ySigma[154] Springfield Gardens",0.37264451497688,0.370728,0.366699011021249,961340,0.95,0.281011,0.46832,NA,NA,NA,NA,NA,NA,NA
"ySigma[155] Spuyten Duyvil",0.383840540562676,0.3817,0.378185587094223,974540.3,0.95,0.277982,0.49105,NA,NA,NA,NA,NA,NA,NA
"ySigma[156] St. Albans",0.427618023341813,0.4244545,0.419489011459521,944215.1,0.95,0.333796,0.52798,NA,NA,NA,NA,NA,NA,NA
"ySigma[157] St. George",0.375782430976552,0.373908,0.367764380662196,966173.6,0.95,0.277107,0.478591,NA,NA,NA,NA,NA,NA,NA
"ySigma[158] Stapleton",0.383902471675227,0.381809,0.378812662317907,975434.3,0.95,0.280413,0.491086,NA,NA,NA,NA,NA,NA,NA
"ySigma[159] Stuyvesant Town",0.44215496500028,0.438322,0.430820938150395,886424.1,0.95,0.333645,0.557243,NA,NA,NA,NA,NA,NA,NA
"ySigma[160] Sunnyside",0.36165218247054,0.360202,0.357410250245486,953764.7,0.95,0.295432,0.430731,NA,NA,NA,NA,NA,NA,NA
"ySigma[161] Sunset Park",0.387859560429517,0.386447,0.383627543944232,982339.6,0.95,0.324848,0.451574,NA,NA,NA,NA,NA,NA,NA
"ySigma[162] Theater District",0.396717642746858,0.394802,0.390840048557196,986202.4,0.95,0.322679,0.47367,NA,NA,NA,NA,NA,NA,NA
"ySigma[163] Throgs Neck",0.388344799413605,0.3860925,0.383674350678654,977799.5,0.95,0.282382,0.498286,NA,NA,NA,NA,NA,NA,NA
"ySigma[164] Tottenville",0.387630605094159,0.385607,0.386951377276683,969572.9,0.95,0.281754,0.49709,NA,NA,NA,NA,NA,NA,NA
"ySigma[165] Tremont",0.39567955499556,0.393176,0.388228181058774,980143.1,0.95,0.291709,0.502527,NA,NA,NA,NA,NA,NA,NA
"ySigma[166] Tribeca",0.487166807685538,0.4841935,0.478469374053781,818791.6,0.95,0.400324,0.57863,NA,NA,NA,NA,NA,NA,NA
"ySigma[167] Two Bridges",0.390798518079855,0.388452,0.383749141360609,986706,0.95,0.294891,0.491358,NA,NA,NA,NA,NA,NA,NA
"ySigma[168] University Heights",0.390912921182631,0.388645,0.384975740217448,983405.1,0.95,0.285444,0.500984,NA,NA,NA,NA,NA,NA,NA
"ySigma[169] Upper East Side",0.395502373382013,0.395034,0.393159009544616,976591.2,0.95,0.360584,0.43148,NA,NA,NA,NA,NA,NA,NA
"ySigma[170] Upper West Side",0.475253714363285,0.474774,0.472604819618529,920231,0.95,0.4364,0.514981,NA,NA,NA,NA,NA,NA,NA
"ySigma[171] Van Nest",0.415816131906945,0.412651,0.406461446960852,959460.4,0.95,0.310848,0.525839,NA,NA,NA,NA,NA,NA,NA
"ySigma[172] Vinegar Hill",0.377097081335349,0.3751145,0.372957570998922,971615,0.95,0.280712,0.475311,NA,NA,NA,NA,NA,NA,NA
"ySigma[173] Wakefield",0.397498028323773,0.3950015,0.393779825627482,985770.2,0.95,0.294803,0.503204,NA,NA,NA,NA,NA,NA,NA
"ySigma[174] Washington Heights",0.415672152972776,0.414748,0.412332046226061,983249.2,0.95,0.366311,0.465452,NA,NA,NA,NA,NA,NA,NA
"ySigma[175] West Brighton",0.387477752926977,0.385306,0.379224493063688,976783.6,0.95,0.281161,0.496505,NA,NA,NA,NA,NA,NA,NA
"ySigma[176] West Village",0.374029585730314,0.373236,0.370469268363894,975108.6,0.95,0.329636,0.419965,NA,NA,NA,NA,NA,NA,NA
"ySigma[177] Westchester Square",0.387777054488564,0.385601,0.380267069405882,979558.3,0.95,0.281351,0.496614,NA,NA,NA,NA,NA,NA,NA
"ySigma[178] Whitestone",0.398171882831937,0.395568,0.391330532577448,981842.4,0.95,0.291679,0.507759,NA,NA,NA,NA,NA,NA,NA
"ySigma[179] Williamsbridge",0.402389437591499,0.399729,0.393898764985203,978646.8,0.95,0.301052,0.507677,NA,NA,NA,NA,NA,NA,NA
"ySigma[180] Williamsburg",0.475206869321045,0.47494,0.47325566290026,958104,0.95,0.448022,0.503151,NA,NA,NA,NA,NA,NA,NA
"ySigma[181] Willowbrook",0.387557859919121,0.385291,0.38089257425696,975029.7,0.95,0.281011,0.496589,NA,NA,NA,NA,NA,NA,NA
"ySigma[182] Windsor Terrace",0.343461152132783,0.342029,0.339306983218564,909629.1,0.95,0.276987,0.41206,NA,NA,NA,NA,NA,NA,NA
"ySigma[183] Woodhaven",0.376802797212622,0.374798,0.369370819481394,967771.8,0.95,0.280344,0.476268,NA,NA,NA,NA,NA,NA,NA
"ySigma[184] Woodside",0.396021489461084,0.393887,0.390584261725343,988779.1,0.95,0.316477,0.479734,NA,NA,NA,NA,NA,NA,NA
